<?xml version="1.0" encoding="UTF-8"?>
<configuration>

    <appender name="console" class="ch.qos.logback.core.ConsoleAppender">
        <!-- 日志的格式化 -->
        <encoder class="ch.qos.logback.core.encoder.LayoutWrappingEncoder">
            <layout class="org.apache.skywalking.apm.toolkit.log.logback.v1.x.TraceIdPatternLogbackLayout">
                <Pattern>%d{yyyy-MM-dd HH:mm:ss.SSS} [%tid] [%thread] %-5level %logger{36} -%msg%n</Pattern>
            </layout>
        </encoder>
    </appender>

    <!-- https://skywalking.apache.org/docs/skywalking-java/latest/en/setup/service-agent/java-agent/application-toolkit-logback-1.x/  -->
    <!-- 通过grpc上报日志到skywalking oap-->
    <appender name="grpc-log" class="org.apache.skywalking.apm.toolkit.log.logback.v1.x.log.GRPCLogClientAppender">
        <encoder class="ch.qos.logback.core.encoder.LayoutWrappingEncoder">
            <layout class="org.apache.skywalking.apm.toolkit.log.logback.v1.x.TraceIdPatternLogbackLayout">
                <Pattern>%d{yyyy-MM-dd HH:mm:ss.SSS} [%tid] [%thread] %-5level %logger{36} -%msg%n</Pattern>
            </layout>
        </encoder>
    </appender>

    <!-- 设置 Appender -->
    <root level="INFO">
        <appender-ref ref="console"/>
        <appender-ref ref="grpc-log"/>
    </root>


</configuration>